Week,Start Date,End Date,Total Trades,Trades Won,Trades Lost,Realised PnL,winPercentage
1,2011-06-17 00:00:00+01:00,2011-06-24 00:00:00+01:00,0,0,0,0.0,
2,2011-06-24 00:00:00+01:00,2011-07-01 00:00:00+01:00,0,0,0,0.0,
3,2011-07-01 00:00:00+01:00,2011-07-08 00:00:00+01:00,0,0,0,0.0,
4,2011-07-08 00:00:00+01:00,2011-07-15 00:00:00+01:00,0,0,0,0.0,
5,2011-07-15 00:00:00+01:00,2011-07-22 00:00:00+01:00,0,0,0,0.0,
6,2011-07-22 00:00:00+01:00,2011-07-29 00:00:00+01:00,0,0,0,0.0,
7,2011-07-29 00:00:00+01:00,2011-08-05 00:00:00+01:00,0,0,0,0.0,
8,2011-08-05 00:00:00+01:00,2011-08-12 00:00:00+01:00,0,0,0,0.0,
9,2011-08-12 00:00:00+01:00,2011-08-19 00:00:00+01:00,0,0,0,0.0,
10,2011-08-19 00:00:00+01:00,2011-08-26 00:00:00+01:00,0,0,0,0.0,
11,2011-08-26 00:00:00+01:00,2011-09-02 00:00:00+01:00,0,0,0,0.0,
12,2011-09-02 00:00:00+01:00,2011-09-09 00:00:00+01:00,0,0,0,0.0,
13,2011-09-09 00:00:00+01:00,2011-09-16 00:00:00+01:00,0,0,0,0.0,
14,2011-09-16 00:00:00+01:00,2011-09-23 00:00:00+01:00,1,0,1,-14.942449623654404,0.0
15,2011-09-23 00:00:00+01:00,2011-09-30 00:00:00+01:00,0,0,0,0.0,
16,2011-09-30 00:00:00+01:00,2011-10-07 00:00:00+01:00,0,0,0,0.0,
17,2011-10-07 00:00:00+01:00,2011-10-14 00:00:00+01:00,0,0,0,0.0,
18,2011-10-14 00:00:00+01:00,2011-10-21 00:00:00+01:00,0,0,0,0.0,
19,2011-10-21 00:00:00+01:00,2011-10-28 00:00:00+01:00,0,0,0,0.0,
20,2011-10-28 00:00:00+01:00,2011-11-04 00:00:00+01:00,0,0,0,0.0,
21,2011-11-04 00:00:00+01:00,2011-11-11 00:00:00+01:00,0,0,0,0.0,
22,2011-11-11 00:00:00+01:00,2011-11-18 00:00:00+01:00,0,0,0,0.0,
23,2011-11-18 00:00:00+01:00,2011-11-25 00:00:00+01:00,0,0,0,0.0,
24,2011-11-25 00:00:00+01:00,2011-12-02 00:00:00+01:00,0,0,0,0.0,
25,2011-12-02 00:00:00+01:00,2011-12-09 00:00:00+01:00,0,0,0,0.0,
26,2011-12-09 00:00:00+01:00,2011-12-16 00:00:00+01:00,0,0,0,0.0,
27,2011-12-16 00:00:00+01:00,2011-12-23 00:00:00+01:00,0,0,0,0.0,
28,2011-12-23 00:00:00+01:00,2011-12-30 00:00:00+01:00,0,0,0,0.0,
29,2011-12-30 00:00:00+01:00,2012-01-06 00:00:00+01:00,0,0,0,0.0,
30,2012-01-06 00:00:00+01:00,2012-01-13 00:00:00+01:00,1,0,1,-8.260067356193034,0.0
31,2012-01-13 00:00:00+01:00,2012-01-20 00:00:00+01:00,0,0,0,0.0,
32,2012-01-20 00:00:00+01:00,2012-01-27 00:00:00+01:00,1,0,1,-12.355201127834157,0.0
33,2012-01-27 00:00:00+01:00,2012-02-03 00:00:00+01:00,0,0,0,0.0,
34,2012-02-03 00:00:00+01:00,2012-02-10 00:00:00+01:00,0,0,0,0.0,
35,2012-02-10 00:00:00+01:00,2012-02-17 00:00:00+01:00,0,0,0,0.0,
36,2012-02-17 00:00:00+01:00,2012-02-24 00:00:00+01:00,0,0,0,0.0,
37,2012-02-24 00:00:00+01:00,2012-03-02 00:00:00+01:00,0,0,0,0.0,
38,2012-03-02 00:00:00+01:00,2012-03-09 00:00:00+01:00,0,0,0,0.0,
39,2012-03-09 00:00:00+01:00,2012-03-16 00:00:00+01:00,0,0,0,0.0,
40,2012-03-16 00:00:00+01:00,2012-03-23 00:00:00+01:00,0,0,0,0.0,
41,2012-03-23 00:00:00+01:00,2012-03-30 00:00:00+01:00,0,0,0,0.0,
42,2012-03-30 00:00:00+01:00,2012-04-06 00:00:00+01:00,0,0,0,0.0,
43,2012-04-06 00:00:00+01:00,2012-04-13 00:00:00+01:00,0,0,0,0.0,
44,2012-04-13 00:00:00+01:00,2012-04-20 00:00:00+01:00,0,0,0,0.0,
45,2012-04-20 00:00:00+01:00,2012-04-27 00:00:00+01:00,1,0,1,-6.293245996230866,0.0
46,2012-04-27 00:00:00+01:00,2012-05-04 00:00:00+01:00,0,0,0,0.0,
47,2012-05-04 00:00:00+01:00,2012-05-11 00:00:00+01:00,0,0,0,0.0,
48,2012-05-11 00:00:00+01:00,2012-05-18 00:00:00+01:00,0,0,0,0.0,
49,2012-05-18 00:00:00+01:00,2012-05-25 00:00:00+01:00,0,0,0,0.0,
50,2012-05-25 00:00:00+01:00,2012-06-01 00:00:00+01:00,0,0,0,0.0,
51,2012-06-01 00:00:00+01:00,2012-06-08 00:00:00+01:00,0,0,0,0.0,
52,2012-06-08 00:00:00+01:00,2012-06-15 00:00:00+01:00,0,0,0,0.0,
53,2012-06-15 00:00:00+01:00,2012-06-22 00:00:00+01:00,0,0,0,0.0,
54,2012-06-22 00:00:00+01:00,2012-06-29 00:00:00+01:00,0,0,0,0.0,
55,2012-06-29 00:00:00+01:00,2012-07-06 00:00:00+01:00,0,0,0,0.0,
56,2012-07-06 00:00:00+01:00,2012-07-13 00:00:00+01:00,0,0,0,0.0,
57,2012-07-13 00:00:00+01:00,2012-07-20 00:00:00+01:00,0,0,0,0.0,
58,2012-07-20 00:00:00+01:00,2012-07-27 00:00:00+01:00,0,0,0,0.0,
59,2012-07-27 00:00:00+01:00,2012-08-03 00:00:00+01:00,0,0,0,0.0,
60,2012-08-03 00:00:00+01:00,2012-08-10 00:00:00+01:00,0,0,0,0.0,
61,2012-08-10 00:00:00+01:00,2012-08-17 00:00:00+01:00,0,0,0,0.0,
62,2012-08-17 00:00:00+01:00,2012-08-24 00:00:00+01:00,0,0,0,0.0,
63,2012-08-24 00:00:00+01:00,2012-08-31 00:00:00+01:00,0,0,0,0.0,
64,2012-08-31 00:00:00+01:00,2012-09-07 00:00:00+01:00,0,0,0,0.0,
65,2012-09-07 00:00:00+01:00,2012-09-14 00:00:00+01:00,1,1,0,13.61528863678631,100.0
66,2012-09-14 00:00:00+01:00,2012-09-21 00:00:00+01:00,0,0,0,0.0,
67,2012-09-21 00:00:00+01:00,2012-09-28 00:00:00+01:00,0,0,0,0.0,
68,2012-09-28 00:00:00+01:00,2012-10-05 00:00:00+01:00,0,0,0,0.0,
69,2012-10-05 00:00:00+01:00,2012-10-12 00:00:00+01:00,0,0,0,0.0,
70,2012-10-12 00:00:00+01:00,2012-10-19 00:00:00+01:00,0,0,0,0.0,
71,2012-10-19 00:00:00+01:00,2012-10-26 00:00:00+01:00,0,0,0,0.0,
72,2012-10-26 00:00:00+01:00,2012-11-02 00:00:00+01:00,0,0,0,0.0,
73,2012-11-02 00:00:00+01:00,2012-11-09 00:00:00+01:00,0,0,0,0.0,
74,2012-11-09 00:00:00+01:00,2012-11-16 00:00:00+01:00,0,0,0,0.0,
75,2012-11-16 00:00:00+01:00,2012-11-23 00:00:00+01:00,0,0,0,0.0,
76,2012-11-23 00:00:00+01:00,2012-11-30 00:00:00+01:00,0,0,0,0.0,
77,2012-11-30 00:00:00+01:00,2012-12-07 00:00:00+01:00,0,0,0,0.0,
78,2012-12-07 00:00:00+01:00,2012-12-14 00:00:00+01:00,0,0,0,0.0,
79,2012-12-14 00:00:00+01:00,2012-12-21 00:00:00+01:00,0,0,0,0.0,
80,2012-12-21 00:00:00+01:00,2012-12-28 00:00:00+01:00,1,0,1,-6.1724200711333665,0.0
81,2012-12-28 00:00:00+01:00,2013-01-04 00:00:00+01:00,1,0,1,-14.016470855584046,0.0
82,2013-01-04 00:00:00+01:00,2013-01-11 00:00:00+01:00,0,0,0,0.0,
83,2013-01-11 00:00:00+01:00,2013-01-18 00:00:00+01:00,0,0,0,0.0,
84,2013-01-18 00:00:00+01:00,2013-01-25 00:00:00+01:00,0,0,0,0.0,
85,2013-01-25 00:00:00+01:00,2013-02-01 00:00:00+01:00,0,0,0,0.0,
86,2013-02-01 00:00:00+01:00,2013-02-08 00:00:00+01:00,0,0,0,0.0,
87,2013-02-08 00:00:00+01:00,2013-02-15 00:00:00+01:00,0,0,0,0.0,
88,2013-02-15 00:00:00+01:00,2013-02-22 00:00:00+01:00,0,0,0,0.0,
89,2013-02-22 00:00:00+01:00,2013-03-01 00:00:00+01:00,0,0,0,0.0,
90,2013-03-01 00:00:00+01:00,2013-03-08 00:00:00+01:00,0,0,0,0.0,
91,2013-03-08 00:00:00+01:00,2013-03-15 00:00:00+01:00,0,0,0,0.0,
92,2013-03-15 00:00:00+01:00,2013-03-22 00:00:00+01:00,0,0,0,0.0,
93,2013-03-22 00:00:00+01:00,2013-03-29 00:00:00+01:00,0,0,0,0.0,
94,2013-03-29 00:00:00+01:00,2013-04-05 00:00:00+01:00,0,0,0,0.0,
95,2013-04-05 00:00:00+01:00,2013-04-12 00:00:00+01:00,0,0,0,0.0,
96,2013-04-12 00:00:00+01:00,2013-04-19 00:00:00+01:00,0,0,0,0.0,
97,2013-04-19 00:00:00+01:00,2013-04-26 00:00:00+01:00,0,0,0,0.0,
98,2013-04-26 00:00:00+01:00,2013-05-03 00:00:00+01:00,0,0,0,0.0,
99,2013-05-03 00:00:00+01:00,2013-05-10 00:00:00+01:00,0,0,0,0.0,
100,2013-05-10 00:00:00+01:00,2013-05-17 00:00:00+01:00,0,0,0,0.0,
101,2013-05-17 00:00:00+01:00,2013-05-24 00:00:00+01:00,1,0,1,-14.088424087081286,0.0
102,2013-05-24 00:00:00+01:00,2013-05-31 00:00:00+01:00,0,0,0,0.0,
103,2013-05-31 00:00:00+01:00,2013-06-07 00:00:00+01:00,0,0,0,0.0,
104,2013-06-07 00:00:00+01:00,2013-06-14 00:00:00+01:00,0,0,0,0.0,
105,2013-06-14 00:00:00+01:00,2013-06-21 00:00:00+01:00,0,0,0,0.0,
106,2013-06-21 00:00:00+01:00,2013-06-28 00:00:00+01:00,0,0,0,0.0,
107,2013-06-28 00:00:00+01:00,2013-07-05 00:00:00+01:00,0,0,0,0.0,
108,2013-07-05 00:00:00+01:00,2013-07-12 00:00:00+01:00,0,0,0,0.0,
109,2013-07-12 00:00:00+01:00,2013-07-19 00:00:00+01:00,0,0,0,0.0,
110,2013-07-19 00:00:00+01:00,2013-07-26 00:00:00+01:00,0,0,0,0.0,
111,2013-07-26 00:00:00+01:00,2013-08-02 00:00:00+01:00,0,0,0,0.0,
112,2013-08-02 00:00:00+01:00,2013-08-09 00:00:00+01:00,1,0,1,-5.591575876333756,0.0
113,2013-08-09 00:00:00+01:00,2013-08-16 00:00:00+01:00,0,0,0,0.0,
114,2013-08-16 00:00:00+01:00,2013-08-23 00:00:00+01:00,0,0,0,0.0,
115,2013-08-23 00:00:00+01:00,2013-08-30 00:00:00+01:00,0,0,0,0.0,
116,2013-08-30 00:00:00+01:00,2013-09-06 00:00:00+01:00,0,0,0,0.0,
117,2013-09-06 00:00:00+01:00,2013-09-13 00:00:00+01:00,0,0,0,0.0,
118,2013-09-13 00:00:00+01:00,2013-09-20 00:00:00+01:00,0,0,0,0.0,
119,2013-09-20 00:00:00+01:00,2013-09-27 00:00:00+01:00,0,0,0,0.0,
120,2013-09-27 00:00:00+01:00,2013-10-04 00:00:00+01:00,0,0,0,0.0,
121,2013-10-04 00:00:00+01:00,2013-10-11 00:00:00+01:00,0,0,0,0.0,
122,2013-10-11 00:00:00+01:00,2013-10-18 00:00:00+01:00,0,0,0,0.0,
123,2013-10-18 00:00:00+01:00,2013-10-25 00:00:00+01:00,0,0,0,0.0,
124,2013-10-25 00:00:00+01:00,2013-11-01 00:00:00+01:00,0,0,0,0.0,
125,2013-11-01 00:00:00+01:00,2013-11-08 00:00:00+01:00,0,0,0,0.0,
126,2013-11-08 00:00:00+01:00,2013-11-15 00:00:00+01:00,0,0,0,0.0,
127,2013-11-15 00:00:00+01:00,2013-11-22 00:00:00+01:00,0,0,0,0.0,
128,2013-11-22 00:00:00+01:00,2013-11-29 00:00:00+01:00,0,0,0,0.0,
129,2013-11-29 00:00:00+01:00,2013-12-06 00:00:00+01:00,0,0,0,0.0,
130,2013-12-06 00:00:00+01:00,2013-12-13 00:00:00+01:00,0,0,0,0.0,
131,2013-12-13 00:00:00+01:00,2013-12-20 00:00:00+01:00,0,0,0,0.0,
132,2013-12-20 00:00:00+01:00,2013-12-27 00:00:00+01:00,0,0,0,0.0,
133,2013-12-27 00:00:00+01:00,2014-01-03 00:00:00+01:00,0,0,0,0.0,
134,2014-01-03 00:00:00+01:00,2014-01-10 00:00:00+01:00,0,0,0,0.0,
135,2014-01-10 00:00:00+01:00,2014-01-17 00:00:00+01:00,2,0,1,-8.819512578774592,0.0
136,2014-01-17 00:00:00+01:00,2014-01-24 00:00:00+01:00,0,0,0,0.0,
137,2014-01-24 00:00:00+01:00,2014-01-31 00:00:00+01:00,0,0,0,0.0,
138,2014-01-31 00:00:00+01:00,2014-02-07 00:00:00+01:00,1,0,0,0.0,0.0
139,2014-02-07 00:00:00+01:00,2014-02-14 00:00:00+01:00,0,0,0,0.0,
140,2014-02-14 00:00:00+01:00,2014-02-21 00:00:00+01:00,0,0,0,0.0,
141,2014-02-21 00:00:00+01:00,2014-02-28 00:00:00+01:00,1,0,1,-8.15138927454251,0.0
142,2014-02-28 00:00:00+01:00,2014-03-07 00:00:00+01:00,0,0,0,0.0,
143,2014-03-07 00:00:00+01:00,2014-03-14 00:00:00+01:00,0,0,0,0.0,
144,2014-03-14 00:00:00+01:00,2014-03-21 00:00:00+01:00,0,0,0,0.0,
145,2014-03-21 00:00:00+01:00,2014-03-28 00:00:00+01:00,0,0,0,0.0,
146,2014-03-28 00:00:00+01:00,2014-04-04 00:00:00+01:00,0,0,0,0.0,
147,2014-04-04 00:00:00+01:00,2014-04-11 00:00:00+01:00,0,0,0,0.0,
148,2014-04-11 00:00:00+01:00,2014-04-18 00:00:00+01:00,0,0,0,0.0,
149,2014-04-18 00:00:00+01:00,2014-04-25 00:00:00+01:00,0,0,0,0.0,
150,2014-04-25 00:00:00+01:00,2014-05-02 00:00:00+01:00,0,0,0,0.0,
151,2014-05-02 00:00:00+01:00,2014-05-09 00:00:00+01:00,1,0,1,-5.381757144552822,0.0
152,2014-05-09 00:00:00+01:00,2014-05-16 00:00:00+01:00,0,0,0,0.0,
153,2014-05-16 00:00:00+01:00,2014-05-23 00:00:00+01:00,0,0,0,0.0,
154,2014-05-23 00:00:00+01:00,2014-05-30 00:00:00+01:00,0,0,0,0.0,
155,2014-05-30 00:00:00+01:00,2014-06-06 00:00:00+01:00,0,0,0,0.0,
156,2014-06-06 00:00:00+01:00,2014-06-13 00:00:00+01:00,0,0,0,0.0,
157,2014-06-13 00:00:00+01:00,2014-06-20 00:00:00+01:00,0,0,0,0.0,
158,2014-06-20 00:00:00+01:00,2014-06-27 00:00:00+01:00,0,0,0,0.0,
159,2014-06-27 00:00:00+01:00,2014-07-04 00:00:00+01:00,0,0,0,0.0,
160,2014-07-04 00:00:00+01:00,2014-07-11 00:00:00+01:00,0,0,0,0.0,
161,2014-07-11 00:00:00+01:00,2014-07-18 00:00:00+01:00,0,0,0,0.0,
162,2014-07-18 00:00:00+01:00,2014-07-25 00:00:00+01:00,0,0,0,0.0,
163,2014-07-25 00:00:00+01:00,2014-08-01 00:00:00+01:00,1,1,0,13.936990597312374,100.0
164,2014-08-01 00:00:00+01:00,2014-08-08 00:00:00+01:00,1,0,0,0.0,0.0
165,2014-08-08 00:00:00+01:00,2014-08-15 00:00:00+01:00,0,0,0,0.0,
166,2014-08-15 00:00:00+01:00,2014-08-22 00:00:00+01:00,0,0,0,0.0,
167,2014-08-22 00:00:00+01:00,2014-08-29 00:00:00+01:00,0,0,0,0.0,
168,2014-08-29 00:00:00+01:00,2014-09-05 00:00:00+01:00,0,0,0,0.0,
169,2014-09-05 00:00:00+01:00,2014-09-12 00:00:00+01:00,0,0,0,0.0,
170,2014-09-12 00:00:00+01:00,2014-09-19 00:00:00+01:00,0,0,0,0.0,
171,2014-09-19 00:00:00+01:00,2014-09-26 00:00:00+01:00,1,1,0,29.666570071494647,100.0
172,2014-09-26 00:00:00+01:00,2014-10-03 00:00:00+01:00,0,0,0,0.0,
173,2014-10-03 00:00:00+01:00,2014-10-10 00:00:00+01:00,0,0,0,0.0,
174,2014-10-10 00:00:00+01:00,2014-10-17 00:00:00+01:00,0,0,0,0.0,
175,2014-10-17 00:00:00+01:00,2014-10-24 00:00:00+01:00,0,0,0,0.0,
176,2014-10-24 00:00:00+01:00,2014-10-31 00:00:00+01:00,0,0,0,0.0,
177,2014-10-31 00:00:00+01:00,2014-11-07 00:00:00+01:00,0,0,0,0.0,
178,2014-11-07 00:00:00+01:00,2014-11-14 00:00:00+01:00,0,0,0,0.0,
179,2014-11-14 00:00:00+01:00,2014-11-21 00:00:00+01:00,0,0,0,0.0,
180,2014-11-21 00:00:00+01:00,2014-11-28 00:00:00+01:00,0,0,0,0.0,
181,2014-11-28 00:00:00+01:00,2014-12-05 00:00:00+01:00,0,0,0,0.0,
182,2014-12-05 00:00:00+01:00,2014-12-12 00:00:00+01:00,0,0,0,0.0,
183,2014-12-12 00:00:00+01:00,2014-12-19 00:00:00+01:00,0,0,0,0.0,
184,2014-12-19 00:00:00+01:00,2014-12-26 00:00:00+01:00,0,0,0,0.0,
185,2014-12-26 00:00:00+01:00,2015-01-02 00:00:00+01:00,0,0,0,0.0,
186,2015-01-02 00:00:00+01:00,2015-01-09 00:00:00+01:00,0,0,0,0.0,
187,2015-01-09 00:00:00+01:00,2015-01-16 00:00:00+01:00,0,0,0,0.0,
188,2015-01-16 00:00:00+01:00,2015-01-23 00:00:00+01:00,0,0,0,0.0,
189,2015-01-23 00:00:00+01:00,2015-01-30 00:00:00+01:00,0,0,0,0.0,
190,2015-01-30 00:00:00+01:00,2015-02-06 00:00:00+01:00,0,0,0,0.0,
191,2015-02-06 00:00:00+01:00,2015-02-13 00:00:00+01:00,0,0,0,0.0,
192,2015-02-13 00:00:00+01:00,2015-02-20 00:00:00+01:00,0,0,0,0.0,
193,2015-02-20 00:00:00+01:00,2015-02-27 00:00:00+01:00,0,0,0,0.0,
194,2015-02-27 00:00:00+01:00,2015-03-06 00:00:00+01:00,0,0,0,0.0,
195,2015-03-06 00:00:00+01:00,2015-03-13 00:00:00+01:00,0,0,0,0.0,
196,2015-03-13 00:00:00+01:00,2015-03-20 00:00:00+01:00,0,0,0,0.0,
197,2015-03-20 00:00:00+01:00,2015-03-27 00:00:00+01:00,0,0,0,0.0,
198,2015-03-27 00:00:00+01:00,2015-04-03 00:00:00+01:00,0,0,0,0.0,
199,2015-04-03 00:00:00+01:00,2015-04-10 00:00:00+01:00,0,0,0,0.0,
200,2015-04-10 00:00:00+01:00,2015-04-17 00:00:00+01:00,0,0,0,0.0,
201,2015-04-17 00:00:00+01:00,2015-04-24 00:00:00+01:00,0,0,0,0.0,
202,2015-04-24 00:00:00+01:00,2015-05-01 00:00:00+01:00,0,0,0,0.0,
203,2015-05-01 00:00:00+01:00,2015-05-08 00:00:00+01:00,0,0,0,0.0,
204,2015-05-08 00:00:00+01:00,2015-05-15 00:00:00+01:00,0,0,0,0.0,
205,2015-05-15 00:00:00+01:00,2015-05-22 00:00:00+01:00,0,0,0,0.0,
206,2015-05-22 00:00:00+01:00,2015-05-29 00:00:00+01:00,0,0,0,0.0,
207,2015-05-29 00:00:00+01:00,2015-06-05 00:00:00+01:00,0,0,0,0.0,
208,2015-06-05 00:00:00+01:00,2015-06-12 00:00:00+01:00,0,0,0,0.0,
209,2015-06-12 00:00:00+01:00,2015-06-19 00:00:00+01:00,0,0,0,0.0,
210,2015-06-19 00:00:00+01:00,2015-06-26 00:00:00+01:00,0,0,0,0.0,
211,2015-06-26 00:00:00+01:00,2015-07-03 00:00:00+01:00,0,0,0,0.0,
212,2015-07-03 00:00:00+01:00,2015-07-10 00:00:00+01:00,0,0,0,0.0,
213,2015-07-10 00:00:00+01:00,2015-07-17 00:00:00+01:00,0,0,0,0.0,
214,2015-07-17 00:00:00+01:00,2015-07-24 00:00:00+01:00,0,0,0,0.0,
215,2015-07-24 00:00:00+01:00,2015-07-31 00:00:00+01:00,0,0,0,0.0,
216,2015-07-31 00:00:00+01:00,2015-08-07 00:00:00+01:00,0,0,0,0.0,
217,2015-08-07 00:00:00+01:00,2015-08-14 00:00:00+01:00,0,0,0,0.0,
218,2015-08-14 00:00:00+01:00,2015-08-21 00:00:00+01:00,0,0,0,0.0,
219,2015-08-21 00:00:00+01:00,2015-08-28 00:00:00+01:00,0,0,0,0.0,
220,2015-08-28 00:00:00+01:00,2015-09-04 00:00:00+01:00,0,0,0,0.0,
221,2015-09-04 00:00:00+01:00,2015-09-11 00:00:00+01:00,0,0,0,0.0,
222,2015-09-11 00:00:00+01:00,2015-09-18 00:00:00+01:00,0,0,0,0.0,
223,2015-09-18 00:00:00+01:00,2015-09-25 00:00:00+01:00,0,0,0,0.0,
224,2015-09-25 00:00:00+01:00,2015-10-02 00:00:00+01:00,0,0,0,0.0,
225,2015-10-02 00:00:00+01:00,2015-10-09 00:00:00+01:00,0,0,0,0.0,
226,2015-10-09 00:00:00+01:00,2015-10-16 00:00:00+01:00,0,0,0,0.0,
227,2015-10-16 00:00:00+01:00,2015-10-23 00:00:00+01:00,0,0,0,0.0,
228,2015-10-23 00:00:00+01:00,2015-10-30 00:00:00+01:00,0,0,0,0.0,
229,2015-10-30 00:00:00+01:00,2015-11-06 00:00:00+01:00,0,0,0,0.0,
230,2015-11-06 00:00:00+01:00,2015-11-13 00:00:00+01:00,0,0,0,0.0,
231,2015-11-13 00:00:00+01:00,2015-11-20 00:00:00+01:00,0,0,0,0.0,
232,2015-11-20 00:00:00+01:00,2015-11-27 00:00:00+01:00,0,0,0,0.0,
233,2015-11-27 00:00:00+01:00,2015-12-04 00:00:00+01:00,0,0,0,0.0,
234,2015-12-04 00:00:00+01:00,2015-12-11 00:00:00+01:00,0,0,0,0.0,
235,2015-12-11 00:00:00+01:00,2015-12-18 00:00:00+01:00,0,0,0,0.0,
236,2015-12-18 00:00:00+01:00,2015-12-25 00:00:00+01:00,0,0,0,0.0,
237,2015-12-25 00:00:00+01:00,2016-01-01 00:00:00+01:00,0,0,0,0.0,
238,2016-01-01 00:00:00+01:00,2016-01-08 00:00:00+01:00,0,0,0,0.0,
239,2016-01-08 00:00:00+01:00,2016-01-15 00:00:00+01:00,0,0,0,0.0,
240,2016-01-15 00:00:00+01:00,2016-01-22 00:00:00+01:00,0,0,0,0.0,
241,2016-01-22 00:00:00+01:00,2016-01-29 00:00:00+01:00,0,0,0,0.0,
242,2016-01-29 00:00:00+01:00,2016-02-05 00:00:00+01:00,0,0,0,0.0,
243,2016-02-05 00:00:00+01:00,2016-02-12 00:00:00+01:00,0,0,0,0.0,
244,2016-02-12 00:00:00+01:00,2016-02-19 00:00:00+01:00,0,0,0,0.0,
245,2016-02-19 00:00:00+01:00,2016-02-26 00:00:00+01:00,0,0,0,0.0,
246,2016-02-26 00:00:00+01:00,2016-03-04 00:00:00+01:00,0,0,0,0.0,
247,2016-03-04 00:00:00+01:00,2016-03-11 00:00:00+01:00,0,0,0,0.0,
248,2016-03-11 00:00:00+01:00,2016-03-18 00:00:00+01:00,0,0,0,0.0,
249,2016-03-18 00:00:00+01:00,2016-03-25 00:00:00+01:00,0,0,0,0.0,
250,2016-03-25 00:00:00+01:00,2016-04-01 00:00:00+01:00,0,0,0,0.0,
251,2016-04-01 00:00:00+01:00,2016-04-08 00:00:00+01:00,0,0,0,0.0,
252,2016-04-08 00:00:00+01:00,2016-04-15 00:00:00+01:00,0,0,0,0.0,
253,2016-04-15 00:00:00+01:00,2016-04-22 00:00:00+01:00,0,0,0,0.0,
254,2016-04-22 00:00:00+01:00,2016-04-29 00:00:00+01:00,0,0,0,0.0,
255,2016-04-29 00:00:00+01:00,2016-05-06 00:00:00+01:00,0,0,0,0.0,
256,2016-05-06 00:00:00+01:00,2016-05-13 00:00:00+01:00,0,0,0,0.0,
257,2016-05-13 00:00:00+01:00,2016-05-20 00:00:00+01:00,0,0,0,0.0,
258,2016-05-20 00:00:00+01:00,2016-05-27 00:00:00+01:00,0,0,0,0.0,
259,2016-05-27 00:00:00+01:00,2016-06-03 00:00:00+01:00,0,0,0,0.0,
260,2016-06-03 00:00:00+01:00,2016-06-10 00:00:00+01:00,0,0,0,0.0,
261,2016-06-10 00:00:00+01:00,2016-06-17 00:00:00+01:00,0,0,0,0.0,
262,2016-06-17 00:00:00+01:00,2016-06-24 00:00:00+01:00,0,0,0,0.0,
263,2016-06-24 00:00:00+01:00,2016-07-01 00:00:00+01:00,0,0,0,0.0,
264,2016-07-01 00:00:00+01:00,2016-07-08 00:00:00+01:00,0,0,0,0.0,
265,2016-07-08 00:00:00+01:00,2016-07-15 00:00:00+01:00,0,0,0,0.0,
266,2016-07-15 00:00:00+01:00,2016-07-22 00:00:00+01:00,0,0,0,0.0,
267,2016-07-22 00:00:00+01:00,2016-07-29 00:00:00+01:00,0,0,0,0.0,
268,2016-07-29 00:00:00+01:00,2016-08-05 00:00:00+01:00,0,0,0,0.0,
269,2016-08-05 00:00:00+01:00,2016-08-12 00:00:00+01:00,0,0,0,0.0,
270,2016-08-12 00:00:00+01:00,2016-08-19 00:00:00+01:00,0,0,0,0.0,
271,2016-08-19 00:00:00+01:00,2016-08-26 00:00:00+01:00,0,0,0,0.0,
272,2016-08-26 00:00:00+01:00,2016-09-02 00:00:00+01:00,0,0,0,0.0,
273,2016-09-02 00:00:00+01:00,2016-09-09 00:00:00+01:00,0,0,0,0.0,
274,2016-09-09 00:00:00+01:00,2016-09-16 00:00:00+01:00,0,0,0,0.0,
275,2016-09-16 00:00:00+01:00,2016-09-23 00:00:00+01:00,0,0,0,0.0,
276,2016-09-23 00:00:00+01:00,2016-09-30 00:00:00+01:00,0,0,0,0.0,
277,2016-09-30 00:00:00+01:00,2016-10-07 00:00:00+01:00,0,0,0,0.0,
278,2016-10-07 00:00:00+01:00,2016-10-14 00:00:00+01:00,0,0,0,0.0,
279,2016-10-14 00:00:00+01:00,2016-10-21 00:00:00+01:00,0,0,0,0.0,
280,2016-10-21 00:00:00+01:00,2016-10-28 00:00:00+01:00,0,0,0,0.0,
281,2016-10-28 00:00:00+01:00,2016-11-04 00:00:00+01:00,0,0,0,0.0,
282,2016-11-04 00:00:00+01:00,2016-11-11 00:00:00+01:00,0,0,0,0.0,
283,2016-11-11 00:00:00+01:00,2016-11-18 00:00:00+01:00,0,0,0,0.0,
284,2016-11-18 00:00:00+01:00,2016-11-25 00:00:00+01:00,0,0,0,0.0,
285,2016-11-25 00:00:00+01:00,2016-12-02 00:00:00+01:00,0,0,0,0.0,
286,2016-12-02 00:00:00+01:00,2016-12-09 00:00:00+01:00,0,0,0,0.0,
287,2016-12-09 00:00:00+01:00,2016-12-16 00:00:00+01:00,0,0,0,0.0,
288,2016-12-16 00:00:00+01:00,2016-12-23 00:00:00+01:00,0,0,0,0.0,
289,2016-12-23 00:00:00+01:00,2016-12-30 00:00:00+01:00,0,0,0,0.0,
290,2016-12-30 00:00:00+01:00,2017-01-06 00:00:00+01:00,0,0,0,0.0,
291,2017-01-06 00:00:00+01:00,2017-01-13 00:00:00+01:00,0,0,0,0.0,
292,2017-01-13 00:00:00+01:00,2017-01-20 00:00:00+01:00,0,0,0,0.0,
293,2017-01-20 00:00:00+01:00,2017-01-27 00:00:00+01:00,0,0,0,0.0,
294,2017-01-27 00:00:00+01:00,2017-02-03 00:00:00+01:00,0,0,0,0.0,
295,2017-02-03 00:00:00+01:00,2017-02-10 00:00:00+01:00,0,0,0,0.0,
296,2017-02-10 00:00:00+01:00,2017-02-17 00:00:00+01:00,0,0,0,0.0,
297,2017-02-17 00:00:00+01:00,2017-02-24 00:00:00+01:00,0,0,0,0.0,
298,2017-02-24 00:00:00+01:00,2017-03-03 00:00:00+01:00,0,0,0,0.0,
299,2017-03-03 00:00:00+01:00,2017-03-10 00:00:00+01:00,0,0,0,0.0,
300,2017-03-10 00:00:00+01:00,2017-03-17 00:00:00+01:00,0,0,0,0.0,
301,2017-03-17 00:00:00+01:00,2017-03-24 00:00:00+01:00,0,0,0,0.0,
302,2017-03-24 00:00:00+01:00,2017-03-31 00:00:00+01:00,0,0,0,0.0,
303,2017-03-31 00:00:00+01:00,2017-04-07 00:00:00+01:00,0,0,0,0.0,
304,2017-04-07 00:00:00+01:00,2017-04-14 00:00:00+01:00,0,0,0,0.0,
305,2017-04-14 00:00:00+01:00,2017-04-21 00:00:00+01:00,0,0,0,0.0,
306,2017-04-21 00:00:00+01:00,2017-04-28 00:00:00+01:00,0,0,0,0.0,
307,2017-04-28 00:00:00+01:00,2017-05-05 00:00:00+01:00,0,0,0,0.0,
308,2017-05-05 00:00:00+01:00,2017-05-12 00:00:00+01:00,0,0,0,0.0,
309,2017-05-12 00:00:00+01:00,2017-05-19 00:00:00+01:00,0,0,0,0.0,
310,2017-05-19 00:00:00+01:00,2017-05-26 00:00:00+01:00,0,0,0,0.0,
311,2017-05-26 00:00:00+01:00,2017-06-02 00:00:00+01:00,0,0,0,0.0,
312,2017-06-02 00:00:00+01:00,2017-06-09 00:00:00+01:00,0,0,0,0.0,
313,2017-06-09 00:00:00+01:00,2017-06-16 00:00:00+01:00,0,0,0,0.0,
314,2017-06-16 00:00:00+01:00,2017-06-23 00:00:00+01:00,0,0,0,0.0,
315,2017-06-23 00:00:00+01:00,2017-06-30 00:00:00+01:00,1,0,1,-7.188068029412555,0.0
316,2017-06-30 00:00:00+01:00,2017-07-07 00:00:00+01:00,0,0,0,0.0,
317,2017-07-07 00:00:00+01:00,2017-07-14 00:00:00+01:00,1,0,1,-13.60575289240132,0.0
318,2017-07-14 00:00:00+01:00,2017-07-21 00:00:00+01:00,0,0,0,0.0,
319,2017-07-21 00:00:00+01:00,2017-07-28 00:00:00+01:00,0,0,0,0.0,
320,2017-07-28 00:00:00+01:00,2017-08-04 00:00:00+01:00,0,0,0,0.0,
321,2017-08-04 00:00:00+01:00,2017-08-11 00:00:00+01:00,1,1,0,17.939193921593613,100.0
322,2017-08-11 00:00:00+01:00,2017-08-18 00:00:00+01:00,1,0,0,0.0,0.0
323,2017-08-18 00:00:00+01:00,2017-08-25 00:00:00+01:00,0,0,0,0.0,
324,2017-08-25 00:00:00+01:00,2017-09-01 00:00:00+01:00,0,0,0,0.0,
325,2017-09-01 00:00:00+01:00,2017-09-08 00:00:00+01:00,1,0,1,-9.749795318789353,0.0
326,2017-09-08 00:00:00+01:00,2017-09-15 00:00:00+01:00,0,0,0,0.0,
327,2017-09-15 00:00:00+01:00,2017-09-22 00:00:00+01:00,0,0,0,0.0,
328,2017-09-22 00:00:00+01:00,2017-09-29 00:00:00+01:00,0,0,0,0.0,
329,2017-09-29 00:00:00+01:00,2017-10-06 00:00:00+01:00,0,0,0,0.0,
330,2017-10-06 00:00:00+01:00,2017-10-13 00:00:00+01:00,0,0,0,0.0,
331,2017-10-13 00:00:00+01:00,2017-10-20 00:00:00+01:00,1,0,1,-7.398360721630645,0.0
332,2017-10-20 00:00:00+01:00,2017-10-27 00:00:00+01:00,0,0,0,0.0,
333,2017-10-27 00:00:00+01:00,2017-11-03 00:00:00+01:00,0,0,0,0.0,
334,2017-11-03 00:00:00+01:00,2017-11-10 00:00:00+01:00,0,0,0,0.0,
335,2017-11-10 00:00:00+01:00,2017-11-17 00:00:00+01:00,0,0,0,0.0,
336,2017-11-17 00:00:00+01:00,2017-11-24 00:00:00+01:00,0,0,0,0.0,
337,2017-11-24 00:00:00+01:00,2017-12-01 00:00:00+01:00,0,0,0,0.0,
338,2017-12-01 00:00:00+01:00,2017-12-08 00:00:00+01:00,0,0,0,0.0,
339,2017-12-08 00:00:00+01:00,2017-12-15 00:00:00+01:00,0,0,0,0.0,
340,2017-12-15 00:00:00+01:00,2017-12-22 00:00:00+01:00,0,0,0,0.0,
341,2017-12-22 00:00:00+01:00,2017-12-29 00:00:00+01:00,0,0,0,0.0,
342,2017-12-29 00:00:00+01:00,2018-01-05 00:00:00+01:00,0,0,0,0.0,
343,2018-01-05 00:00:00+01:00,2018-01-12 00:00:00+01:00,0,0,0,0.0,
344,2018-01-12 00:00:00+01:00,2018-01-19 00:00:00+01:00,0,0,0,0.0,
345,2018-01-19 00:00:00+01:00,2018-01-26 00:00:00+01:00,0,0,0,0.0,
346,2018-01-26 00:00:00+01:00,2018-02-02 00:00:00+01:00,0,0,0,0.0,
347,2018-02-02 00:00:00+01:00,2018-02-09 00:00:00+01:00,0,0,0,0.0,
348,2018-02-09 00:00:00+01:00,2018-02-16 00:00:00+01:00,0,0,0,0.0,
349,2018-02-16 00:00:00+01:00,2018-02-23 00:00:00+01:00,0,0,0,0.0,
350,2018-02-23 00:00:00+01:00,2018-03-02 00:00:00+01:00,0,0,0,0.0,
351,2018-03-02 00:00:00+01:00,2018-03-09 00:00:00+01:00,0,0,0,0.0,
352,2018-03-09 00:00:00+01:00,2018-03-16 00:00:00+01:00,0,0,0,0.0,
353,2018-03-16 00:00:00+01:00,2018-03-23 00:00:00+01:00,0,0,0,0.0,
354,2018-03-23 00:00:00+01:00,2018-03-30 00:00:00+01:00,0,0,0,0.0,
355,2018-03-30 00:00:00+01:00,2018-04-06 00:00:00+01:00,0,0,0,0.0,
356,2018-04-06 00:00:00+01:00,2018-04-13 00:00:00+01:00,0,0,0,0.0,
357,2018-04-13 00:00:00+01:00,2018-04-20 00:00:00+01:00,0,0,0,0.0,
358,2018-04-20 00:00:00+01:00,2018-04-27 00:00:00+01:00,0,0,0,0.0,
359,2018-04-27 00:00:00+01:00,2018-05-04 00:00:00+01:00,0,0,0,0.0,
360,2018-05-04 00:00:00+01:00,2018-05-11 00:00:00+01:00,0,0,0,0.0,
361,2018-05-11 00:00:00+01:00,2018-05-18 00:00:00+01:00,0,0,0,0.0,
362,2018-05-18 00:00:00+01:00,2018-05-25 00:00:00+01:00,1,0,1,-8.066411237660922,0.0
363,2018-05-25 00:00:00+01:00,2018-06-01 00:00:00+01:00,0,0,0,0.0,
364,2018-06-01 00:00:00+01:00,2018-06-08 00:00:00+01:00,0,0,0,0.0,
365,2018-06-08 00:00:00+01:00,2018-06-15 00:00:00+01:00,0,0,0,0.0,
366,2018-06-15 00:00:00+01:00,2018-06-22 00:00:00+01:00,0,0,0,0.0,
367,2018-06-22 00:00:00+01:00,2018-06-29 00:00:00+01:00,1,1,0,13.284201402114384,100.0
368,2018-06-29 00:00:00+01:00,2018-07-06 00:00:00+01:00,0,0,0,0.0,
369,2018-07-06 00:00:00+01:00,2018-07-13 00:00:00+01:00,0,0,0,0.0,
370,2018-07-13 00:00:00+01:00,2018-07-20 00:00:00+01:00,0,0,0,0.0,
371,2018-07-20 00:00:00+01:00,2018-07-27 00:00:00+01:00,0,0,0,0.0,
372,2018-07-27 00:00:00+01:00,2018-08-03 00:00:00+01:00,0,0,0,0.0,
373,2018-08-03 00:00:00+01:00,2018-08-10 00:00:00+01:00,0,0,0,0.0,
374,2018-08-10 00:00:00+01:00,2018-08-17 00:00:00+01:00,0,0,0,0.0,
375,2018-08-17 00:00:00+01:00,2018-08-24 00:00:00+01:00,0,0,0,0.0,
376,2018-08-24 00:00:00+01:00,2018-08-31 00:00:00+01:00,0,0,0,0.0,
377,2018-08-31 00:00:00+01:00,2018-09-07 00:00:00+01:00,0,0,0,0.0,
378,2018-09-07 00:00:00+01:00,2018-09-14 00:00:00+01:00,0,0,0,0.0,
379,2018-09-14 00:00:00+01:00,2018-09-21 00:00:00+01:00,0,0,0,0.0,
380,2018-09-21 00:00:00+01:00,2018-09-28 00:00:00+01:00,0,0,0,0.0,
381,2018-09-28 00:00:00+01:00,2018-10-05 00:00:00+01:00,0,0,0,0.0,
382,2018-10-05 00:00:00+01:00,2018-10-12 00:00:00+01:00,0,0,0,0.0,
383,2018-10-12 00:00:00+01:00,2018-10-19 00:00:00+01:00,0,0,0,0.0,
384,2018-10-19 00:00:00+01:00,2018-10-26 00:00:00+01:00,0,0,0,0.0,
385,2018-10-26 00:00:00+01:00,2018-11-02 00:00:00+01:00,0,0,0,0.0,
386,2018-11-02 00:00:00+01:00,2018-11-09 00:00:00+01:00,0,0,0,0.0,
387,2018-11-09 00:00:00+01:00,2018-11-16 00:00:00+01:00,1,1,0,13.093173592724035,100.0
388,2018-11-16 00:00:00+01:00,2018-11-23 00:00:00+01:00,0,0,0,0.0,
389,2018-11-23 00:00:00+01:00,2018-11-30 00:00:00+01:00,0,0,0,0.0,
390,2018-11-30 00:00:00+01:00,2018-12-07 00:00:00+01:00,0,0,0,0.0,
391,2018-12-07 00:00:00+01:00,2018-12-14 00:00:00+01:00,0,0,0,0.0,
392,2018-12-14 00:00:00+01:00,2018-12-21 00:00:00+01:00,0,0,0,0.0,
393,2018-12-21 00:00:00+01:00,2018-12-28 00:00:00+01:00,0,0,0,0.0,
394,2018-12-28 00:00:00+01:00,2019-01-04 00:00:00+01:00,0,0,0,0.0,
395,2019-01-04 00:00:00+01:00,2019-01-11 00:00:00+01:00,0,0,0,0.0,
396,2019-01-11 00:00:00+01:00,2019-01-18 00:00:00+01:00,0,0,0,0.0,
397,2019-01-18 00:00:00+01:00,2019-01-25 00:00:00+01:00,0,0,0,0.0,
398,2019-01-25 00:00:00+01:00,2019-02-01 00:00:00+01:00,0,0,0,0.0,
399,2019-02-01 00:00:00+01:00,2019-02-08 00:00:00+01:00,0,0,0,0.0,
400,2019-02-08 00:00:00+01:00,2019-02-15 00:00:00+01:00,0,0,0,0.0,
401,2019-02-15 00:00:00+01:00,2019-02-22 00:00:00+01:00,0,0,0,0.0,
402,2019-02-22 00:00:00+01:00,2019-03-01 00:00:00+01:00,0,0,0,0.0,
403,2019-03-01 00:00:00+01:00,2019-03-08 00:00:00+01:00,0,0,0,0.0,
404,2019-03-08 00:00:00+01:00,2019-03-15 00:00:00+01:00,0,0,0,0.0,
405,2019-03-15 00:00:00+01:00,2019-03-22 00:00:00+01:00,0,0,0,0.0,
406,2019-03-22 00:00:00+01:00,2019-03-29 00:00:00+01:00,1,0,1,-5.823183470397005,0.0
407,2019-03-29 00:00:00+01:00,2019-04-05 00:00:00+01:00,0,0,0,0.0,
408,2019-04-05 00:00:00+01:00,2019-04-12 00:00:00+01:00,0,0,0,0.0,
409,2019-04-12 00:00:00+01:00,2019-04-19 00:00:00+01:00,1,0,1,-11.996349193167283,0.0
410,2019-04-19 00:00:00+01:00,2019-04-26 00:00:00+01:00,0,0,0,0.0,
411,2019-04-26 00:00:00+01:00,2019-05-03 00:00:00+01:00,0,0,0,0.0,
412,2019-05-03 00:00:00+01:00,2019-05-10 00:00:00+01:00,0,0,0,0.0,
413,2019-05-10 00:00:00+01:00,2019-05-17 00:00:00+01:00,0,0,0,0.0,
414,2019-05-17 00:00:00+01:00,2019-05-24 00:00:00+01:00,0,0,0,0.0,
415,2019-05-24 00:00:00+01:00,2019-05-31 00:00:00+01:00,0,0,0,0.0,
416,2019-05-31 00:00:00+01:00,2019-06-07 00:00:00+01:00,0,0,0,0.0,
417,2019-06-07 00:00:00+01:00,2019-06-14 00:00:00+01:00,0,0,0,0.0,
418,2019-06-14 00:00:00+01:00,2019-06-21 00:00:00+01:00,0,0,0,0.0,
419,2019-06-21 00:00:00+01:00,2019-06-28 00:00:00+01:00,0,0,0,0.0,
420,2019-06-28 00:00:00+01:00,2019-07-05 00:00:00+01:00,0,0,0,0.0,
421,2019-07-05 00:00:00+01:00,2019-07-12 00:00:00+01:00,0,0,0,0.0,
422,2019-07-12 00:00:00+01:00,2019-07-19 00:00:00+01:00,0,0,0,0.0,
423,2019-07-19 00:00:00+01:00,2019-07-26 00:00:00+01:00,0,0,0,0.0,
424,2019-07-26 00:00:00+01:00,2019-08-02 00:00:00+01:00,0,0,0,0.0,
425,2019-08-02 00:00:00+01:00,2019-08-09 00:00:00+01:00,0,0,0,0.0,
426,2019-08-09 00:00:00+01:00,2019-08-16 00:00:00+01:00,0,0,0,0.0,
427,2019-08-16 00:00:00+01:00,2019-08-23 00:00:00+01:00,0,0,0,0.0,
428,2019-08-23 00:00:00+01:00,2019-08-30 00:00:00+01:00,0,0,0,0.0,
429,2019-08-30 00:00:00+01:00,2019-09-06 00:00:00+01:00,0,0,0,0.0,
430,2019-09-06 00:00:00+01:00,2019-09-13 00:00:00+01:00,0,0,0,0.0,
431,2019-09-13 00:00:00+01:00,2019-09-20 00:00:00+01:00,0,0,0,0.0,
432,2019-09-20 00:00:00+01:00,2019-09-27 00:00:00+01:00,0,0,0,0.0,
433,2019-09-27 00:00:00+01:00,2019-10-04 00:00:00+01:00,0,0,0,0.0,
434,2019-10-04 00:00:00+01:00,2019-10-11 00:00:00+01:00,0,0,0,0.0,
435,2019-10-11 00:00:00+01:00,2019-10-18 00:00:00+01:00,0,0,0,0.0,
436,2019-10-18 00:00:00+01:00,2019-10-25 00:00:00+01:00,0,0,0,0.0,
437,2019-10-25 00:00:00+01:00,2019-11-01 00:00:00+01:00,0,0,0,0.0,
438,2019-11-01 00:00:00+01:00,2019-11-08 00:00:00+01:00,0,0,0,0.0,
439,2019-11-08 00:00:00+01:00,2019-11-15 00:00:00+01:00,1,1,0,9.502411791265743,100.0
440,2019-11-15 00:00:00+01:00,2019-11-22 00:00:00+01:00,0,0,0,0.0,
441,2019-11-22 00:00:00+01:00,2019-11-29 00:00:00+01:00,0,0,0,0.0,
442,2019-11-29 00:00:00+01:00,2019-12-06 00:00:00+01:00,0,0,0,0.0,
443,2019-12-06 00:00:00+01:00,2019-12-13 00:00:00+01:00,0,0,0,0.0,
444,2019-12-13 00:00:00+01:00,2019-12-20 00:00:00+01:00,0,0,0,0.0,
445,2019-12-20 00:00:00+01:00,2019-12-27 00:00:00+01:00,0,0,0,0.0,
446,2019-12-27 00:00:00+01:00,2020-01-03 00:00:00+01:00,0,0,0,0.0,
447,2020-01-03 00:00:00+01:00,2020-01-10 00:00:00+01:00,0,0,0,0.0,
448,2020-01-10 00:00:00+01:00,2020-01-17 00:00:00+01:00,0,0,0,0.0,
449,2020-01-17 00:00:00+01:00,2020-01-24 00:00:00+01:00,1,0,0,0.0,0.0
450,2020-01-24 00:00:00+01:00,2020-01-31 00:00:00+01:00,1,1,0,15.194956193818093,100.0
451,2020-01-31 00:00:00+01:00,2020-02-07 00:00:00+01:00,0,0,0,0.0,
452,2020-02-07 00:00:00+01:00,2020-02-14 00:00:00+01:00,0,0,0,0.0,
453,2020-02-14 00:00:00+01:00,2020-02-21 00:00:00+01:00,0,0,0,0.0,
454,2020-02-21 00:00:00+01:00,2020-02-28 00:00:00+01:00,0,0,0,0.0,
455,2020-02-28 00:00:00+01:00,2020-03-06 00:00:00+01:00,0,0,0,0.0,
456,2020-03-06 00:00:00+01:00,2020-03-13 00:00:00+01:00,0,0,0,0.0,
457,2020-03-13 00:00:00+01:00,2020-03-20 00:00:00+01:00,0,0,0,0.0,
458,2020-03-20 00:00:00+01:00,2020-03-27 00:00:00+01:00,0,0,0,0.0,
459,2020-03-27 00:00:00+01:00,2020-04-03 00:00:00+01:00,0,0,0,0.0,
460,2020-04-03 00:00:00+01:00,2020-04-10 00:00:00+01:00,0,0,0,0.0,
461,2020-04-10 00:00:00+01:00,2020-04-17 00:00:00+01:00,0,0,0,0.0,
462,2020-04-17 00:00:00+01:00,2020-04-24 00:00:00+01:00,0,0,0,0.0,
463,2020-04-24 00:00:00+01:00,2020-05-01 00:00:00+01:00,0,0,0,0.0,
464,2020-05-01 00:00:00+01:00,2020-05-08 00:00:00+01:00,0,0,0,0.0,
465,2020-05-08 00:00:00+01:00,2020-05-15 00:00:00+01:00,0,0,0,0.0,
466,2020-05-15 00:00:00+01:00,2020-05-22 00:00:00+01:00,0,0,0,0.0,
467,2020-05-22 00:00:00+01:00,2020-05-29 00:00:00+01:00,0,0,0,0.0,
468,2020-05-29 00:00:00+01:00,2020-06-05 00:00:00+01:00,0,0,0,0.0,
469,2020-06-05 00:00:00+01:00,2020-06-12 00:00:00+01:00,0,0,0,0.0,
470,2020-06-12 00:00:00+01:00,2020-06-19 00:00:00+01:00,0,0,0,0.0,
471,2020-06-19 00:00:00+01:00,2020-06-26 00:00:00+01:00,0,0,0,0.0,
472,2020-06-26 00:00:00+01:00,2020-07-03 00:00:00+01:00,0,0,0,0.0,
473,2020-07-03 00:00:00+01:00,2020-07-10 00:00:00+01:00,0,0,0,0.0,
474,2020-07-10 00:00:00+01:00,2020-07-17 00:00:00+01:00,0,0,0,0.0,
475,2020-07-17 00:00:00+01:00,2020-07-24 00:00:00+01:00,1,0,1,-4.735943221245485,0.0
476,2020-07-24 00:00:00+01:00,2020-07-31 00:00:00+01:00,0,0,0,0.0,
477,2020-07-31 00:00:00+01:00,2020-08-07 00:00:00+01:00,0,0,0,0.0,
478,2020-08-07 00:00:00+01:00,2020-08-14 00:00:00+01:00,0,0,0,0.0,
479,2020-08-14 00:00:00+01:00,2020-08-21 00:00:00+01:00,0,0,0,0.0,
480,2020-08-21 00:00:00+01:00,2020-08-28 00:00:00+01:00,0,0,0,0.0,
481,2020-08-28 00:00:00+01:00,2020-09-04 00:00:00+01:00,0,0,0,0.0,
482,2020-09-04 00:00:00+01:00,2020-09-11 00:00:00+01:00,0,0,0,0.0,
483,2020-09-11 00:00:00+01:00,2020-09-18 00:00:00+01:00,0,0,0,0.0,
484,2020-09-18 00:00:00+01:00,2020-09-25 00:00:00+01:00,0,0,0,0.0,
485,2020-09-25 00:00:00+01:00,2020-10-02 00:00:00+01:00,0,0,0,0.0,
486,2020-10-02 00:00:00+01:00,2020-10-09 00:00:00+01:00,0,0,0,0.0,
487,2020-10-09 00:00:00+01:00,2020-10-16 00:00:00+01:00,0,0,0,0.0,
488,2020-10-16 00:00:00+01:00,2020-10-23 00:00:00+01:00,0,0,0,0.0,
489,2020-10-23 00:00:00+01:00,2020-10-30 00:00:00+01:00,0,0,0,0.0,
490,2020-10-30 00:00:00+01:00,2020-11-06 00:00:00+01:00,0,0,0,0.0,
491,2020-11-06 00:00:00+01:00,2020-11-13 00:00:00+01:00,0,0,0,0.0,
492,2020-11-13 00:00:00+01:00,2020-11-20 00:00:00+01:00,0,0,0,0.0,
493,2020-11-20 00:00:00+01:00,2020-11-27 00:00:00+01:00,0,0,0,0.0,
494,2020-11-27 00:00:00+01:00,2020-12-04 00:00:00+01:00,0,0,0,0.0,
495,2020-12-04 00:00:00+01:00,2020-12-11 00:00:00+01:00,0,0,0,0.0,
496,2020-12-11 00:00:00+01:00,2020-12-18 00:00:00+01:00,0,0,0,0.0,
497,2020-12-18 00:00:00+01:00,2020-12-25 00:00:00+01:00,0,0,0,0.0,
498,2020-12-25 00:00:00+01:00,2021-01-01 00:00:00+01:00,0,0,0,0.0,
499,2021-01-01 00:00:00+01:00,2021-01-08 00:00:00+01:00,0,0,0,0.0,
500,2021-01-08 00:00:00+01:00,2021-01-15 00:00:00+01:00,1,0,1,-6.634575610779464,0.0
501,2021-01-15 00:00:00+01:00,2021-01-22 00:00:00+01:00,0,0,0,0.0,
502,2021-01-22 00:00:00+01:00,2021-01-29 00:00:00+01:00,0,0,0,0.0,
503,2021-01-29 00:00:00+01:00,2021-02-05 00:00:00+01:00,0,0,0,0.0,
504,2021-02-05 00:00:00+01:00,2021-02-12 00:00:00+01:00,0,0,0,0.0,
505,2021-02-12 00:00:00+01:00,2021-02-19 00:00:00+01:00,0,0,0,0.0,
506,2021-02-19 00:00:00+01:00,2021-02-26 00:00:00+01:00,0,0,0,0.0,
507,2021-02-26 00:00:00+01:00,2021-03-05 00:00:00+01:00,0,0,0,0.0,
508,2021-03-05 00:00:00+01:00,2021-03-12 00:00:00+01:00,0,0,0,0.0,
509,2021-03-12 00:00:00+01:00,2021-03-19 00:00:00+01:00,0,0,0,0.0,
510,2021-03-19 00:00:00+01:00,2021-03-26 00:00:00+01:00,0,0,0,0.0,
511,2021-03-26 00:00:00+01:00,2021-04-02 00:00:00+01:00,0,0,0,0.0,
512,2021-04-02 00:00:00+01:00,2021-04-09 00:00:00+01:00,0,0,0,0.0,
513,2021-04-09 00:00:00+01:00,2021-04-16 00:00:00+01:00,1,0,1,-17.450769103741905,0.0
514,2021-04-16 00:00:00+01:00,2021-04-23 00:00:00+01:00,1,0,1,-9.609028580339938,0.0
515,2021-04-23 00:00:00+01:00,2021-04-30 00:00:00+01:00,1,0,0,0.0,0.0
516,2021-04-30 00:00:00+01:00,2021-05-07 00:00:00+01:00,1,0,1,-10.309141315165945,0.0
517,2021-05-07 00:00:00+01:00,2021-05-14 00:00:00+01:00,0,0,0,0.0,
518,2021-05-14 00:00:00+01:00,2021-05-21 00:00:00+01:00,0,0,0,0.0,
519,2021-05-21 00:00:00+01:00,2021-05-28 00:00:00+01:00,0,0,0,0.0,
520,2021-05-28 00:00:00+01:00,2021-06-04 00:00:00+01:00,0,0,0,0.0,
521,2021-06-04 00:00:00+01:00,2021-06-11 00:00:00+01:00,0,0,0,0.0,
522,2021-06-11 00:00:00+01:00,2021-06-18 00:00:00+01:00,0,0,0,0.0,
523,2021-06-18 00:00:00+01:00,2021-06-25 00:00:00+01:00,0,0,0,0.0,
524,2021-06-25 00:00:00+01:00,2021-07-02 00:00:00+01:00,0,0,0,0.0,
525,2021-07-02 00:00:00+01:00,2021-07-09 00:00:00+01:00,0,0,0,0.0,
526,2021-07-09 00:00:00+01:00,2021-07-16 00:00:00+01:00,0,0,0,0.0,
527,2021-07-16 00:00:00+01:00,2021-07-23 00:00:00+01:00,1,0,1,-11.418453664607938,0.0
528,2021-07-23 00:00:00+01:00,2021-07-30 00:00:00+01:00,0,0,0,0.0,
529,2021-07-30 00:00:00+01:00,2021-08-06 00:00:00+01:00,0,0,0,0.0,
530,2021-08-06 00:00:00+01:00,2021-08-13 00:00:00+01:00,1,0,1,-10.53631612423517,0.0
531,2021-08-13 00:00:00+01:00,2021-08-20 00:00:00+01:00,1,1,0,14.704944863862636,100.0
532,2021-08-20 00:00:00+01:00,2021-08-27 00:00:00+01:00,0,0,0,0.0,
533,2021-08-27 00:00:00+01:00,2021-09-03 00:00:00+01:00,0,0,0,0.0,
534,2021-09-03 00:00:00+01:00,2021-09-10 00:00:00+01:00,0,0,0,0.0,
535,2021-09-10 00:00:00+01:00,2021-09-17 00:00:00+01:00,0,0,0,0.0,
536,2021-09-17 00:00:00+01:00,2021-09-24 00:00:00+01:00,0,0,0,0.0,
537,2021-09-24 00:00:00+01:00,2021-10-01 00:00:00+01:00,0,0,0,0.0,
538,2021-10-01 00:00:00+01:00,2021-10-08 00:00:00+01:00,0,0,0,0.0,
539,2021-10-08 00:00:00+01:00,2021-10-15 00:00:00+01:00,0,0,0,0.0,
540,2021-10-15 00:00:00+01:00,2021-10-22 00:00:00+01:00,0,0,0,0.0,
541,2021-10-22 00:00:00+01:00,2021-10-29 00:00:00+01:00,1,1,0,18.41288707177563,100.0
542,2021-10-29 00:00:00+01:00,2021-11-05 00:00:00+01:00,0,0,0,0.0,
543,2021-11-05 00:00:00+01:00,2021-11-12 00:00:00+01:00,0,0,0,0.0,
544,2021-11-12 00:00:00+01:00,2021-11-19 00:00:00+01:00,0,0,0,0.0,
545,2021-11-19 00:00:00+01:00,2021-11-26 00:00:00+01:00,0,0,0,0.0,
546,2021-11-26 00:00:00+01:00,2021-12-03 00:00:00+01:00,1,0,1,-9.39563942522183,0.0
547,2021-12-03 00:00:00+01:00,2021-12-10 00:00:00+01:00,0,0,0,0.0,
548,2021-12-10 00:00:00+01:00,2021-12-17 00:00:00+01:00,0,0,0,0.0,
549,2021-12-17 00:00:00+01:00,2021-12-24 00:00:00+01:00,0,0,0,0.0,
550,2021-12-24 00:00:00+01:00,2021-12-31 00:00:00+01:00,0,0,0,0.0,
551,2021-12-31 00:00:00+01:00,2022-01-07 00:00:00+01:00,0,0,0,0.0,
552,2022-01-07 00:00:00+01:00,2022-01-14 00:00:00+01:00,0,0,0,0.0,
553,2022-01-14 00:00:00+01:00,2022-01-21 00:00:00+01:00,0,0,0,0.0,
554,2022-01-21 00:00:00+01:00,2022-01-28 00:00:00+01:00,0,0,0,0.0,
555,2022-01-28 00:00:00+01:00,2022-02-04 00:00:00+01:00,0,0,0,0.0,
556,2022-02-04 00:00:00+01:00,2022-02-11 00:00:00+01:00,0,0,0,0.0,
557,2022-02-11 00:00:00+01:00,2022-02-18 00:00:00+01:00,0,0,0,0.0,
558,2022-02-18 00:00:00+01:00,2022-02-25 00:00:00+01:00,0,0,0,0.0,
559,2022-02-25 00:00:00+01:00,2022-03-04 00:00:00+01:00,0,0,0,0.0,
560,2022-03-04 00:00:00+01:00,2022-03-11 00:00:00+01:00,0,0,0,0.0,
561,2022-03-11 00:00:00+01:00,2022-03-18 00:00:00+01:00,0,0,0,0.0,
562,2022-03-18 00:00:00+01:00,2022-03-25 00:00:00+01:00,0,0,0,0.0,
563,2022-03-25 00:00:00+01:00,2022-04-01 00:00:00+01:00,0,0,0,0.0,
564,2022-04-01 00:00:00+01:00,2022-04-08 00:00:00+01:00,0,0,0,0.0,
565,2022-04-08 00:00:00+01:00,2022-04-15 00:00:00+01:00,0,0,0,0.0,
566,2022-04-15 00:00:00+01:00,2022-04-22 00:00:00+01:00,1,1,0,32.10932102700865,100.0
567,2022-04-22 00:00:00+01:00,2022-04-29 00:00:00+01:00,0,0,0,0.0,
568,2022-04-29 00:00:00+01:00,2022-05-06 00:00:00+01:00,0,0,0,0.0,
569,2022-05-06 00:00:00+01:00,2022-05-13 00:00:00+01:00,0,0,0,0.0,
570,2022-05-13 00:00:00+01:00,2022-05-20 00:00:00+01:00,0,0,0,0.0,
571,2022-05-20 00:00:00+01:00,2022-05-27 00:00:00+01:00,0,0,0,0.0,
572,2022-05-27 00:00:00+01:00,2022-06-03 00:00:00+01:00,0,0,0,0.0,
573,2022-06-03 00:00:00+01:00,2022-06-10 00:00:00+01:00,0,0,0,0.0,
574,2022-06-10 00:00:00+01:00,2022-06-17 00:00:00+01:00,0,0,0,0.0,
575,2022-06-17 00:00:00+01:00,2022-06-24 00:00:00+01:00,0,0,0,0.0,
576,2022-06-24 00:00:00+01:00,2022-07-01 00:00:00+01:00,0,0,0,0.0,
577,2022-07-01 00:00:00+01:00,2022-07-08 00:00:00+01:00,0,0,0,0.0,
578,2022-07-08 00:00:00+01:00,2022-07-15 00:00:00+01:00,0,0,0,0.0,
579,2022-07-15 00:00:00+01:00,2022-07-22 00:00:00+01:00,0,0,0,0.0,
580,2022-07-22 00:00:00+01:00,2022-07-29 00:00:00+01:00,0,0,0,0.0,
581,2022-07-29 00:00:00+01:00,2022-08-05 00:00:00+01:00,0,0,0,0.0,
582,2022-08-05 00:00:00+01:00,2022-08-12 00:00:00+01:00,0,0,0,0.0,
583,2022-08-12 00:00:00+01:00,2022-08-19 00:00:00+01:00,0,0,0,0.0,
584,2022-08-19 00:00:00+01:00,2022-08-26 00:00:00+01:00,0,0,0,0.0,
585,2022-08-26 00:00:00+01:00,2022-09-02 00:00:00+01:00,1,1,0,44.09890530209518,100.0
586,2022-09-02 00:00:00+01:00,2022-09-09 00:00:00+01:00,0,0,0,0.0,
587,2022-09-09 00:00:00+01:00,2022-09-16 00:00:00+01:00,0,0,0,0.0,
588,2022-09-16 00:00:00+01:00,2022-09-23 00:00:00+01:00,0,0,0,0.0,
589,2022-09-23 00:00:00+01:00,2022-09-30 00:00:00+01:00,0,0,0,0.0,
590,2022-09-30 00:00:00+01:00,2022-10-07 00:00:00+01:00,0,0,0,0.0,
591,2022-10-07 00:00:00+01:00,2022-10-14 00:00:00+01:00,0,0,0,0.0,
592,2022-10-14 00:00:00+01:00,2022-10-21 00:00:00+01:00,0,0,0,0.0,
593,2022-10-21 00:00:00+01:00,2022-10-28 00:00:00+01:00,0,0,0,0.0,
594,2022-10-28 00:00:00+01:00,2022-11-04 00:00:00+01:00,0,0,0,0.0,
595,2022-11-04 00:00:00+01:00,2022-11-11 00:00:00+01:00,0,0,0,0.0,
596,2022-11-11 00:00:00+01:00,2022-11-18 00:00:00+01:00,0,0,0,0.0,
597,2022-11-18 00:00:00+01:00,2022-11-25 00:00:00+01:00,0,0,0,0.0,
598,2022-11-25 00:00:00+01:00,2022-12-02 00:00:00+01:00,0,0,0,0.0,
599,2022-12-02 00:00:00+01:00,2022-12-09 00:00:00+01:00,0,0,0,0.0,
600,2022-12-09 00:00:00+01:00,2022-12-16 00:00:00+01:00,0,0,0,0.0,
601,2022-12-16 00:00:00+01:00,2022-12-22 00:00:00+00:00,0,0,0,0.0,
